{"schemaVersion":"1.0","appDefinitionTemplate":{"id":"/providers/Microsoft.PowerApps/apps/","type":"Microsoft.PowerApps/apps","tags":{"primaryDeviceWidth":"640","primaryDeviceHeight":"1136","supportsPortrait":"true","supportsLandscape":"true","primaryFormFactor":"Phone","publisherVersion":"3.22043.14","minimumRequiredApiVersion":"2.2.0","hasComponent":"false","hasUnlockedComponent":"false","isUnifiedRootApp":"false","sienaVersion":"20220504T005504Z-3.22043.14.0"},"properties":{"appVersion":"2022-05-04T00:55:04Z","lifeCycleId":"Published","createdByClientVersion":{"major":3,"minor":22043,"build":14,"revision":0,"majorRevision":0,"minorRevision":0},"minClientVersion":{"major":3,"minor":22043,"build":14,"revision":0,"majorRevision":0,"minorRevision":0},"backgroundColor":"RGBA(0,176,240,1)","backgroundImageUri":"/3932002627199214664/N16c8215d-45d8-4574-b617-388458c4118f-logoSmallFile","displayName":"May4PowerHourDemo","description":"","commitMessage":"","appUris":{"documentUri":{"value":"/3932002627199214664/N6d08b330-d6e0-46c5-abd0-e2642c3818d6-document.msapp"},"imageUris":[]},"createdTime":"0001-01-01T00:00:00Z","lastModifiedTime":"0001-01-01T00:00:00Z","sharedGroupsCount":0,"sharedUsersCount":0,"icons":{"smallIconUri":"/3932002627199214664/Nd56b621f-3025-4e9b-ad05-b362d190f3bf-small.png","mediumIconUri":"/3932002627199214664/N112ed1e3-ec1d-488b-b9f9-a1323e0abaaf-medium.png","largeIconUri":"/3932002627199214664/N5cb9b1d8-d9cb-47cd-8e76-78ab78f12368-large.png","wideIconUri":"/3932002627199214664/N96b32536-6be4-4f36-b0ef-9320d348f964-wide.png"},"connectionReferences":{},"databaseReferences":{"default.cds":{"databaseDetails":{"referenceType":"Environmental","environmentName":"default.cds","overrideValues":{"status":"NotSpecified"}},"dataSources":{},"components":[{"componentName":"CustomControl","identifier":"fs_theFoosh.StarWarsCrawl","identifierType":"LogicalName","capabilities":{"pcfExternalServiceUsageAllowed":false}}]}},"almMode":"Solution","performanceOptimizationEnabled":true,"canConsumeAppPass":true,"executionRestrictions":{"isTeamsOnly":false,"dataLossPreventionEvaluationResult":{"status":"Compliant","lastEvaluationDate":"2022-05-01T13:10:32.0085722Z","violations":[],"violationsByPolicy":[],"violationErrorMessage":"The app uses the following connectors: ."}}},"appType":"ClassicCanvasApp","appComponents":[]}}