<manifest><control namespace="theFoosh" constructor="StarWarsCrawl" version="0.0.1" display-name-key="StarWarsCrawl" description-key="StarWarsCrawl description" control-type="standard" api-version="1.2.3"><property name="CrawlText" display-name-key="Crawling Text" description-key="Crawling Text" of-type="Multiple" usage="bound" required="true" /><property name="EpisodeNumber" display-name-key="Episode Number" description-key="Episode Number" of-type="SingleLine.Text" usage="bound" required="true" /><property name="EpisodeName" display-name-key="Episode Name" description-key="Episode Name" of-type="SingleLine.Text" usage="bound" required="true" /><property name="Play" display-name-key="Play" description-key="Plays the animation" of-type="TwoOptions" usage="bound" required="false" default-value="false" /><property name="Reset" display-name-key="Reset" description-key="Reset" of-type="TwoOptions" usage="bound" required="false" default-value="false" /><resources><code path="bundle.js" order="1" /><css path="crawl.css" order="1" /></resources><built-by name="pac" version="1.6.4" /></control></manifest>